trstplc,safty_mean
0,2.89621621621622
1,2.88625592417062
2,2.94974226804124
3,2.92928377153219
4,2.93658088235294
5,2.99709664039818
6,3.02872628726287
7,3.06475111290975
8,3.12831564986737
9,3.24366937410416
10,3.21871049304678
